Model,MAE,RMSE,MAE Improvement,RMSE Improvement
Base Model,6.296436128317542,6.812084925392666,0.0,0.0
Residual Model,6.3531682292269,6.828028029371147,-0.9010192393473355,-0.23404147413153362
