Model,MAE,RMSE,MAE Improvement,RMSE Improvement
Base Model,6.616935070824671,7.420495850497281,0.0,0.0
Residual Model,6.661615767038744,7.052501714764018,-0.6752476144291997,4.9591582981426
