Model,MAE,RMSE,MAE Improvement,RMSE Improvement
Base Model,6.400037564629234,7.441284943789784,0.0,0.0
Residual Model,5.780236730564217,6.483894903767874,9.684331190342379,12.865923657726764
