Model,MAE,RMSE,MAE Improvement,RMSE Improvement
Base Model,7.327416036494729,8.03027864190149,0.0,0.0
Residual Model,6.4201819907343225,8.45877285129874,12.3813639247705,-5.335981832079829
