Model,MAE,RMSE,MAE Improvement,RMSE Improvement
Base Model,5.327276139603588,5.772936642072822,0.0,0.0
Residual Model,6.242062260548242,6.958027077682044,-17.171742124348103,-20.52838111841299
